<addon id="xbmc.repo.tecboxtvguide" name="iVue TV Guide Add-on" version="0.0.0.1" provider-name="DreamHD TECbox">
	<extension point="xbmc.addon.repository" name="iVue TV Guide Add-ons Repository">
		<info compressed="false">https://raw.githubusercontent.com/totaltec2014/ivuerepo/master/addons.xml</info>
		<checksum>https://raw.githubusercontent.com/totaltec2014/ivuerepo/master/addons.xml.md5</checksum>
		<datadir zip="true">https://raw.githubusercontent.com/totaltec2014/ivuerepo/master/</datadir>
	</extension>
	<extension point="xbmc.addon.metadata">
		<summary>Install iVue TV Guide </summary>
		<description>Download and install for iVue Tv guide addons </description>
		<disclaimer> Repo for iVue Tv guide addon </disclaimer>
		<platform>all</platform>
	</extension>
</addon>