<?xml version="1.0" encoding="UTF-8" standalone="yes"?>

<addon id="repository.itvplus"
		name="ITV Repository"
		version="0.0.0.1"
		provider-name="ITV member">
  <requires>
    <import addon="xbmc.addon" version="12.0.0"/>
  </requires>
	<extension point="xbmc.addon.repository"
		name="ITV Add-on's Repository">
		<info compressed="true">http://xbmc.itvplus.net/REPO/addons.xml</info>
		<checksum>http://xbmc.itvplus.net/REPO/addons.xml.md5</checksum>		
		<datadir zip="true">http://xbmc.itvplus.net/REPO</datadir>
		<hashes>true</hashes>
	</extension>
	<extension point="xbmc.addon.metadata">
		<summary lang="en">Entertainment</summary>
		<description lang="en">Download and install addons from ITV Repository</description>
		<platform>all</platform>
	</extension>
</addon>