﻿<?xml version="1.0" encoding="UTF-8" standalone="yes"?>
<addon id="repository.wiiego" name="Wiiego's XBMC Addons" version="0.0.0.1" provider-name="wiiego">
	<extension point="xbmc.addon.repository" name="Wiiego's XBMC Addons Repository">
		<info compressed="false">https://github.com/diegofn/wiiego-xbmc-addons/raw/master/addons.xml</info>
		<checksum>https://github.com/diegofn/wiiego-xbmc-addons/raw/master/addons.xml.md5</checksum>
		<datadir zip="true">https://github.com/diegofn/wiiego-xbmc-addons/raw/master/repo/</datadir>
	</extension>
	<extension point="xbmc.addon.metadata">
		<summary>Install Wiiego's Addons</summary>
		<description>Download and install multimedia addons by Wiiego</description>
		<platform>all</platform>
	</extension>
</addon>

