<?xml version="1.0" encoding="UTF-8" standalone="yes"?>
<addon id="repository.sd-xbmc.org" name="sd-xbmc.org add-ons" version="0.0.0.1" provider-name="SD-XBMC Team">
	<extension point="xbmc.addon.repository" name="Official SD-XBMC Add-on Repository">
		<info compressed="false">http://sd-xbmc.org/repository/addons.xml</info>
		<checksum>http://sd-xbmc.org/repository/addons.xml.md5</checksum>
		<datadir zip="true">http://sd-xbmc.org/repository</datadir>
	</extension>
	<extension point="xbmc.addon.metadata">
		<summary lang="pl">Repozytorium wtyczek sd-xbmc.org</summary>
		<license>GNU GENERAL PUBLIC LICENSE. Version 2, June 1991</license>
		<forum>http://sd-xbmc.org/pl/forum</forum>
		<website>http://sd-xbmc.org</website>
		<email>support@sd-xbmc.org</email>
	</extension>
</addon>