<?xml version="1.0" encoding="UTF-8" standalone="yes"?>
<addon id="repository.popey" name="Popeye's Repo" version="0.0.0.1" provider-name="Popeye">
    <extension point="xbmc.addon.repository" name="Popeye's Repo">
        <info compressed="false">https://raw.github.com/TsUPeR/xbmc-repo/master/addons.xml</info>
        <checksum>https://raw.github.com/TsUPeR/xbmc-repo/master/addons.xml.md5</checksum>
        <datadir zip="true">https://raw.github.com/TsUPeR/xbmc-repo/master/repo/</datadir>
    </extension>
    <extension point="xbmc.addon.metadata">
        <summary>Popeye's repository</summary>
        <description>A reposistory of Popeye's addons for XBMC including Pneumatic and Newznab</description>
        <platform>all</platform>
    </extension>
</addon>