<?xml version="1.0" encoding="UTF-8" standalone="yes"?>
<addon id="repository.salem" name="Salem's repository" version="0.0.0.1" provider-name="Salem">
    <extension point="xbmc.addon.repository" name="Paul Salem's Add-on Repository">
        <info compressed="false">http://skin-refocusbig.googlecode.com/svn/trunk/addons.xml</info>
        <checksum>http://skin-refocusbig.googlecode.com/svn/trunk/addons.xml.md5</checksum>
        <datadir zip="true">http://skin-refocusbig.googlecode.com/svn/trunk</datadir>
    </extension>
    <extension point="xbmc.addon.metadata">
        <summary>Salem's Add-ons for XBMC</summary>
        <description>Host for the reFocus BIG skin.</description>
        <disclaimer>-</disclaimer>
        <platform>all</platform>
    </extension>
</addon>
