<?xml version="1.0" encoding="UTF-8" standalone="yes"?>
<addon id="repository.icanuck" name="[COLOR FF005de5]iCanuck's [/COLOR]Kodi Repository" version="0" provider-name="iCanuck">
	<extension point="xbmc.addon.repository" name="iCanuck's Kodi Repository">
       <info>http://offshoregit.com/iCanuck/iCanuck-Repo/raw/master/addons.xml</info>
       <checksum>http://offshoregit.com/iCanuck/iCanuck-Repo/raw/master/addons.xml.md5</checksum>
       <datadir zip="true">http://offshoregit.com/iCanuck/iCanuck-Repo/raw/master/</datadir>	
	</extension>
	<extension point="xbmc.addon.metadata">
		<summary>Install iCanuck's Kodi Skins/Addons</summary>
		<description>Download and install Kodi Skins and Addons by iCanuck and others.</description>
		<platform>all</platform>
		<license>GNU GENERAL PUBLIC LICENSE. Version 3, June 2007</license>
	</extension>
</addon>
