<?xml version="1.0" encoding="UTF-8" standalone="yes"?>
<addon id="repository.pulsarunofficial" name="Pulsar [COLOR red]Unofficial [/COLOR]Repo" version="0.0.0.1" provider-name="mancuniancol,iCanuck">
	<extension point="xbmc.addon.repository" name="Pulsar Unofficial Repository">
       <info>http://offshoregit.com/pulsarunofficial/raw/master/addons.xml</info>
       <checksum>http://offshoregit.com/pulsarunofficial/raw/master/addons.xml.md5</checksum>
       <datadir zip="true">http://offshoregit.com/pulsarunofficial/raw/master/</datadir>	
	</extension>
	<extension point="xbmc.addon.metadata">
		<summary>Install Pulsar and Providers</summary>
		<description>Download and install Pulsar and Providers</description>
		<disclaimer>The owners and submitters to this repository do not host or distribute any of the content displayed by these addons nor do they have any affiliation with the content providers.</disclaimer>
		<platform>all</platform>
		<license>GNU GENERAL PUBLIC LICENSE. Version 3, June 2007</license>
	</extension>
</addon>
