﻿<?xml version="1.0" encoding="UTF-8" standalone="yes"?>
<addon id="repository.qf.addons" name="QF XBMC Addons" version="0.0.0.1" provider-name="vikjon0">
	<extension point="xbmc.addon.repository" name="Eldorado's XBMC Addon Repository">
		<info compressed="false">https://github.com/vikjon0/qf-xbmc-addons/raw/master/addons.xml</info>
		<checksum>https://github.com/vikjon0/qf-xbmc-addons/raw/master/addons.xml.md5</checksum>
		<datadir zip="true">https://github.com/vikjon0/qf-xbmc-addons/raw/master/repo</datadir>
	</extension>
	<extension point="xbmc.addon.metadata">
		<summary>Install QF Addons</summary>
		<description>Download and install addons by vikjon0</description>
		<platform>all</platform>
	</extension>
</addon>

