<?xml version="1.0" encoding="UTF-8" standalone="yes"?>
<addon id="repository.canalpanda.xbmc" name="Repositorio CanalPanda" version="0.0.0.1" provider-name="enen92">
	<extension point="xbmc.addon.repository" name="Repositorio do CanalPanda">
		<info compressed="false">http://plugin-video-canalpanda-xbmc.googlecode.com/svn/trunk/addons.xml</info>
		<checksum>http://plugin-video-canalpanda-xbmc.googlecode.com/svn/trunk/addons.xml.md5</checksum>
		<datadir zip="false">http://plugin-video-canalpanda-xbmc.googlecode.com/svn/trunk/</datadir>
	</extension>
	<extension point="xbmc.addon.metadata">
		<summary>Instalar repositorio CanalPanda</summary>
		<description>Acesso ao plugin video Canalpanda.pt</description>
		<disclaimer></disclaimer>
		<platform>all</platform>
	</extension>
</addon>
