<?xml version="1.0" encoding="UTF-8" standalone="yes"?>
<addon 
  id="repository.bossanova808" 
  name="bossanova808's XBMC Addons" 
  version="0.0.0.1" 
  provider-name="bossanova808">
	<extension point="xbmc.addon.repository" 
             name="bossanova808's XBMC Addon Repository">
    <info compressed="false">http://raw.github.com/bossanova808/repository.bossanova808/master/staging/addons.xml</info>
    <checksum>http://raw.github.com/bossanova808/repository.bossanova808/master/staging/addons.xml.md5</checksum>
    <datadir zip="true">http://raw.github.com/bossanova808/repository.bossanova808/master/repository-downloads/</datadir>
	</extension>
	<extension point="xbmc.addon.metadata">
		<summary>Repo for Bossanova808's XBMC Addons</summary>
		<description>Download and install addons by bossanova808, including XSqueeze.</description>
		<platform>all</platform>
	</extension>
</addon>