﻿<?xml version="1.0" encoding="UTF-8" standalone="yes"?>
<addon id="repository.lunatixz" name="Lunatixz Repo" version="0" provider-name="Lunatixz">
    <extension point="xbmc.addon.repository" name="Official PseudoTV Live Repository">
        <info compressed="false">http://raw.github.com/Lunatixz/XBMC_Addons/master/addons.xml</info>
        <checksum>http://raw.github.com/Lunatixz/XBMC_Addons/master/addons.xml.md5</checksum>
        <datadir zip="true">http://raw.github.com/Lunatixz/XBMC_Addons/master/zips</datadir>
    </extension>
    <extension point="xbmc.addon.metadata">
        <summary></summary>
        <description></description>
        <platform>all</platform>
    </extension>
</addon>
