<?xml version="1.0" encoding="UTF-8"?><addon id="repository.boogie" name="Boogie's Kodi Repo" provider-name="boogiepop" version="0.0.0.1">
	<extension name="Boogie's Kodi Repo" point="xbmc.addon.repository">
		<info compressed="false">https://offshoregit.com/boogiepop/repository.boogie.dist/addons.xml</info>
		<checksum>https://offshoregit.com/boogiepop/repository.boogie.dist/addons.xml.md5</checksum>
		<datadir zip="true">https://offshoregit.com/boogiepop/repository.boogie.dist</datadir>
	</extension>
	<extension point="xbmc.addon.metadata">
		<summary>Boogie's Repository for KODI/XBMC</summary>
		<description>This is the personal repo published by boogiepop</description>
		<disclaimer>The owners and submitters to this repository do not host or distribute any of the content displayed by these addons nor do they have any affiliation with the content providers.</disclaimer>
		<platform>all</platform>
	</extension>
</addon>