<?xml version="1.0" encoding="UTF-8" standalone="yes"?>
<addon id="repository.nuismons" name="NuisMons XBMC Add-ons" version="0.0.0.1" provider-name="NuisMons">
	<extension point="xbmc.addon.repository" name="NuisMons Add-ons">
		<info compressed="false">https://raw.githubusercontent.com/NuisMons/nuXBMCRepo/master/addons/addons.xml</info>
		<checksum>https://raw.githubusercontent.com/NuisMons/nuXBMCRepo/master/addons/addons.xml.md5</checksum>
		<datadir zip="true">https://raw.githubusercontent.com/NuisMons/nuXBMCRepo/master/zip</datadir>
	</extension>
	<extension point="xbmc.addon.metadata">
		<summary>Install Add-ons from NuisMons Add-on Repository</summary>
		<description>Plug-ins for XBMC</description>
		<disclaimer>There are svn fot my add-ons for XBMC</disclaimer>
		<platform>all</platform>
	</extension>
</addon>
