<?xml version="1.0" encoding="UTF-8" standalone="yes"?>
<addon id="repository.eraser" name="XBMC Eraser's Addons" version="0" provider-name="eraser">
	<extension point="xbmc.addon.repository" name="XBMC Eraser's Addons">
		<info compressed="false">http://twitxbmc.googlecode.com/svn/addons/addons.xml</info>
		<checksum>http://twitxbmc.googlecode.com/svn/addons/addons.xml.md5</checksum>
		<datadir zip="true">http://twitxbmc.googlecode.com/svn/addons</datadir>
	</extension>
	<extension point="xbmc.addon.metadata">
		<summary>XBMC Addons Eraser's</summary>
		<description>Install Add-ons from Eraser</description>
		<disclaimer>Download and install Add-ons from Eraser</disclaimer>
		<platform>all</platform>
	</extension>
</addon>
