<?xml version="1.0" encoding="UTF-8" standalone="yes"?>
<addon id="repository.mrstealth" name="Mrstealth XBMC Add-ons" version="0" provider-name="MrStealth">
	<extension point="xbmc.addon.repository" name="MrStealth XBMC Add-ons Repository">
		<info compressed="false">https://raw.github.com/mrstealth/xbmc-plugins/master/addons.xml</info>
		<checksum>https://raw.github.com/mrstealth/xbmc-plugins/master/addons.xml.md5</checksum>
		<datadir zip="true">https://raw.github.com/mrstealth/xbmc-plugins/master/repo/</datadir>
	</extension>
	<extension point="xbmc.addon.metadata">
		<summary>Install Add-ons from MrStealth add-on repository</summary>
		<description>Download and install add-ons by mrstealth</description>
		<disclaimer>Add-ons for home usage in XBMC</disclaimer>
		<platform>all</platform>
	</extension>
</addon>
