<?xml version="1.0" encoding="UTF-8" standalone="yes"?>
<addon id="repository.pcd" name="PCD's Repository" version="0" provider-name="pcd">
	<extension point="xbmc.addon.repository" name="PCD's Repository">
		<info compressed="false">https://offshoregit.com/pcd/pcd-repo/addons.xml</info>
		<checksum>https://offshoregit.com/pcd/pcd-repo/addons.xml.md5</checksum>
		<datadir zip="true">https://offshoregit.com/pcd/pcd-repo/</datadir>
	</extension>
	<extension point="xbmc.addon.metadata">
		<summary>Free video mediaitems from popular websites</summary>
		<description>Free video mediaitems from popular websites</description>
		<platform>all</platform>
	</extension>
</addon>

