﻿<?xml version="1.0" encoding="UTF-8" standalone="yes"?>
<addon id="repository.shadowcrew" name="ShadowCrew" version="0" provider-name="ShadowCrew">
	<extension point="xbmc.addon.repository" name="ShadowCrew Repository">
		<info compressed="false">http://shadowsrepo.info/repo/addons.xml</info>
		<checksum>http://shadowsrepo.info/repo/addons.xml.md5</checksum>
		<datadir zip="true">http://shadowsrepo.info/repo/zips</datadir>
	</extension>
	<extension point="xbmc.addon.metadata">
    <summary lang="en"> Join us at http://rh-project.info/</summary>
    <description lang="en">Special Thank you to Hakamac, Metal Kettle and Xunity</description>
		<platform>all</platform>
	</extension>
</addon>

