<?xml version="1.0" encoding="UTF-8" standalone="yes"?>
<addon id="repository.xbmc-israel" name=".[COLOR blue]XBMC Israeli [/COLOR][COLOR white] Streaming Sites[/COLOR]" version="0" provider-name="cubicle-vdo">
    <extension point="xbmc.addon.repository" name="XBMC Israeli streaming repo for streaming sites">
        <info compressed="false">https://raw.githubusercontent.com/cubicle-vdo/xbmc-israel/master/addons.xml</info>
        <checksum>https://raw.githubusercontent.com/cubicle-vdo/xbmc-israel/master/addons.xml.md5</checksum>
        <datadir zip="true">https://raw.githubusercontent.com/cubicle-vdo/xbmc-israel/master/repo</datadir>
    </extension>
    <extension point="xbmc.addon.metadata">
        <summary>XBMC Israeli Streaming Sites</summary>
        <description>Download and install addons for XBMC Israeli streaming repo for streaming sites</description>
        <platform>all</platform>
    </extension>
</addon>