<?xml version="1.0" encoding="UTF-8" standalone="yes"?>
  <addon id="repository.sapo" name="XBMC on SAPO" version="0" provider-name="SAPO">
    <extension point="xbmc.addon.repository" name="XBMC on SAPO">
    <info>https://raw.github.com/sapo/xbmc-repo/master/addons.xml</info>
    <checksum>https://raw.github.com/sapo/xbmc-repo/master/addons.xml.md5</checksum>
    <datadir zip="true">https://raw.github.com/sapo/xbmc-repo/master/release</datadir>
    </extension>
    <extension point="xbmc.addon.metadata">
    <summary lang="en">XBMC stuff by SAPO.</summary>
    <summary lang="pt">Addons para XBMC pelo SAPO.</summary>
        <description lang="en">With this repository you can get cool addons made by SAPO.</description>
        <description lang="pt">Com este repositório terá acesso a addons geniais feitos pelo SAPO.</description>
        <disclaimer lang="en">SAPO stuff for free.</disclaimer>
        <disclaimer lang="pt">Addons do SAPO são gratuitos.</disclaimer>
        <platform>all</platform>
    </extension>
  </addon>
