<?xml version="1.0" encoding="UTF-8" standalone="yes"?>
<addon id="repository.kaosbox" name="KAOSbox Repo" version="0" provider-name="KAOSbox">
	<extension point="xbmc.addon.repository" name="Kaosbox Repository">
		<info compressed="true">http://repo.kaosbox.tv/addons.xml</info>
		<checksum>http://repo.kaosbox.tv/addons.xml.md5</checksum>
		<datadir zip="true">http://repo.kaosbox.tv/zips</datadir>
	</extension>
	<extension point="xbmc.addon.metadata">
		<summary>Official Repo for the KAOSbox (www.kaosbox.tv)</summary>
		<description>Download and install addons for the KAOSbox (www.kaosbox.tv)</description>
		<disclaimer>The owners and submitters to this repository do not host or distribute any of the content displayed by these addons nor do they have any affiliation with the content providers.</disclaimer>
		<platform>all</platform>
                <nofanart>true</nofanart>
	</extension>
</addon>

