<?xml version="1.0" encoding="UTF-8" standalone="yes"?>
<addon id="repository.smuto" name="smuto Addons" version="0" provider-name="smuto">
	<extension point="xbmc.addon.repository" name="smuto Addons">
		<info compressed="false">http://smuto.googlecode.com/svn/trunk/addons.xml</info>
		<checksum>http://smuto.googlecode.com/svn/trunk/addons.xml.md5</checksum>
		<datadir zip="false">http://smuto.googlecode.com/svn/trunk</datadir>
	</extension>
	<extension point="xbmc.addon.metadata">
		<summary>smuto's Addon Repo</summary>
		<description>smuto's XBMC addon repository for bleeding edge and likely buggy :) versions.</description>
		<disclaimer>The owners and submitters to this repository do not host or distribute any of the content displayed by these addons nor do they have any affiliation with the content providers.</disclaimer>
		<platform>all</platform>
	</extension>
</addon>
