<?xml version="1.0" encoding="UTF-8" standalone="yes"?>
<addon id="repository.mindmade"
       name="mindmade XBMC Addons"
       version="0"
       provider-name="Andreas Wetzel [xbmc@mindmade.org]">
  <extension point="xbmc.addon.repository"
             name="mindmade XBMC Addons Repository">
    <info compressed="false">http://www.mindmade.org/~andi/xbmc/addons/addons.xml</info>
    <checksum>http://www.mindmade.org/~andi/xbmc/addons/addons.md5</checksum>
    <datadir zip="true">http://www.mindmade.org/~andi/xbmc/addons</datadir>
  </extension>
  <extension point="xbmc.addon.metadata">
    <platform>all</platform>
    <summary>Provides XBMC Addons from mindmade</summary>
    <description>Provides XBMC Addons from mindmade</description>
  </extension>
</addon>

