<?xml version="1.0" encoding="UTF-8" standalone="yes"?>
<addon id="repository.k3oni.xbmc" name="K3oni's Addon Repository" version="0">
        <extension point="xbmc.addon.repository" name="K3oni's Addon Repository">
                <info compressed="false">https://raw.github.com/k3oni/repository.k3oni.xbmc-addons/master/addons.xml</info>
                <checksum>https://raw.github.com/k3oni/repository.k3oni.xbmc-addons/master/addons.xml.md5</checksum>
                <datadir zip="true">https://github.com/k3oni/repository.k3oni.xbmc-addons/raw/master/</datadir>
        </extension>
        <extension point="xbmc.addon.metadata">
                <summary>Music/Video Add-ons</summary>
                <description>XBMC extra Add-ons</description>
                <disclaimer></disclaimer>
                <platform>all</platform>
        </extension>
</addon>
