<?xml version="1.0" encoding="UTF-8" standalone="yes"?>
<addon id="repository.iamfreetofly-xbmc-repaddon" name="iamfreetofly-xbmc-repaddon Add-on Repository" version="0.0.0.1" provider-name="iamfreetofly-xbmc-repaddon">
	<extension point="xbmc.addon.repository" name="iamfreetofly-xbmc-repaddon Add-on Repository">
		<info compressed="false">http://iamfreetofly-xbmc-repaddon.googlecode.com/svn/trunk/addons.xml</info>
		<checksum>http://iamfreetofly-xbmc-repaddon.googlecode.com/svn/trunk/addons.xml.md5</checksum>
		<datadir zip="false">http://iamfreetofly-xbmc-repaddon.googlecode.com/svn/trunk/</datadir>
	</extension>
	<extension point="xbmc.addon.metadata">
		<summary>Install Add-ons from iamfreetofly Add-on Repository</summary>
		<description>Video plug-ins for XBMC</description>
		<disclaimer></disclaimer>
		<platform>all</platform>
	</extension>
</addon>
