<?xml version="1.0" encoding="UTF-8" standalone="yes"?>
<addon version="0.0.0.1" id="repository.betaCoolwave" name="[COLOR blue]Coolwave beta Repo[/COLOR]" provider-name="[COLOR blue]Coolwave[/COLOR]">
	<extension point="xbmc.addon.repository" name="Coolwave's Addon Repository">
		<info compressed="false">http://github.com/Coolwave/repository.betaCoolwave/raw/master/addons.xml</info>
		<checksum>http://github.com/Coolwave/repository.betaCoolwave/raw/master/addons.xml.md5</checksum>
		<datadir zip="true">http://github.com/Coolwave/repository.betaCoolwave/raw/master/repo/</datadir>
	</extension>
	<extension point="xbmc.addon.metadata">
		<summary>Install [COLOR blue]Coolwave[/COLOR]'s Addons</summary>
		<description>Download and install addons from Coolwave</description>
		<platform>all</platform>
	</extension>
</addon>

