<?xml version="1.0" encoding="UTF-8" standalone="yes"?>
<addon id="net.rieter.xot.repository"
        name="Retrospect (formerly XBMC Online TV) Add-ons"
        version="0.0.0.1"
        provider-name="Bas Rieter">

    <extension  point="xbmc.addon.repository"
                name="Official Retrospect Add-on Repository">
        <info compressed="true">http://www.rieter.net/net.rieter.xot.repository/addons.xml</info>		
        <checksum>http://www.rieter.net/net.rieter.xot.repository/addons.xml.md5</checksum>
        <datadir zip="true">http://www.rieter.net/net.rieter.xot.repository</datadir>
    </extension>

    <extension point="xbmc.addon.metadata">
        <summary>Install Retrospect components from Rieter.NET</summary>
        <description>This repository allows you to install the most recent version of the Retrospect add-on. They are now included in a single download.</description>
        <disclaimer />
        <platform>all</platform>
        <nofanart>true</nofanart>
        <language></language>
    </extension>
</addon>