﻿<?xml version="1.0" encoding="UTF-8" standalone="yes"?>
<addon id="repository.smithgeek.xbmc-addons" name="smithgeek's Add-ons" version="0" provider-name="smithgeek">
	<extension point="xbmc.addon.repository" name="Smithgeek Repository">
		<info compressed="false">https://github.com/brentosmith/xbmc-addons/raw/master/Releases/addons.xml</info>
		<checksum>https://github.com/brentosmith/xbmc-addons/raw/master/Releases/addons.xml.md5</checksum>
		<datadir zip="true">https://github.com/brentosmith/xbmc-addons/raw/master/Releases/</datadir>
	</extension>
	<extension point="xbmc.addon.metadata">
		<summary>Install Add-ons smithgeek.</summary>
		<description>Download addon that will allow you to associate bonus content with movie/tv show.</description>
		<platform>all</platform>
	</extension>
</addon>

