<?xml version="1.0" encoding="UTF-8" standalone="yes"?>
<addon
  id="xbmc.repo.plexbmc"
  name="PleXBMC Add-ons for XBMC"
  version="0.0.0.1"
  provider-name="hippojay">
  <requires>
    <import addon="xbmc.addon" version="12.0.0"/>
  </requires>
  <extension point="xbmc.addon.repository"
             name="PlexBMC Add-on Repository">
    <info compressed="true">http://repository-plexbmc-addons.googlecode.com/git-history/frodo/addons.xml</info>
    <checksum>http://repository-plexbmc-addons.googlecode.com/git-history/frodo/addons.xml.md5</checksum>
    <datadir zip="true">http://repository-plexbmc-addons.googlecode.com/git-history/frodo/download</datadir>
    <hashes>true</hashes>
  </extension>
  <extension point="xbmc.addon.metadata">
    <summary lang="en">Install Add-ons for PleXBMC</summary>
    <description lang="en">Install addons to enhance the Plex + XBMC relationship.  Cosy....</description>
    <disclaimer lang="en"></disclaimer>
    <platform>all</platform>
    <nofanart>true</nofanart>
  </extension>
</addon>