<?xml version="1.0" encoding="UTF-8" standalone="yes"?>
<addon id="repository.nibor" 
        name="Nibor's Add-ons" 
        version="0" 
        provider-name="nibor"> 
    <extension point="xbmc.addon.repository" 
        name="Nibor's Add-ons"> 
        <info compressed="false">http://nibor-xbmc-repo.googlecode.com/svn/trunk/addons.xml</info> 
        <checksum>http://nibor-xbmc-repo.googlecode.com/svn/trunk/addons.xml.md5</checksum> 
        <datadir zip="false">http://nibor-xbmc-repo.googlecode.com/svn/trunk</datadir> 
    </extension> 
    <extension point="xbmc.addon.metadata"> 
        <summary>Install add-ons from Nibor's add-on repository</summary> 
        <description>Download and install XBMC add-ons.</description> 
        <disclaimer>If it breaks, you get to keep the pieces</disclaimer> 
        <platform>all</platform> 
    </extension> 
</addon>