﻿<?xml version="1.0" encoding="UTF-8" standalone="yes"?>
<addon id="repository.googlecode.xbmc-addons-chinese" name="Chinese Add-on Repository" version="0" provider-name="Taxigps">
	<extension point="xbmc.addon.repository" name="Chinese Add-on Repository">
		<info compressed="false">http://xbmc-addons-chinese.googlecode.com/svn/addons/eden_src/addons.xml</info>
		<checksum>http://xbmc-addons-chinese.googlecode.com/svn/addons/eden_src/addons.xml.md5</checksum>
		<datadir zip="false">http://xbmc-addons-chinese.googlecode.com/svn/addons/eden_src</datadir>
	</extension>
	<extension point="xbmc.addon.metadata">
		<summary>Install Add-ons for Eden from googlecode.xbmc-addons-chinese</summary>
		<summary lang="zh">从googlecode.xbmc-addons-chinese安装Eden版扩展功能</summary>
		<description>Download and install add-ons for Eden from googlecode.xbmc-addons-chinese addon repository.[CR][CR]By using this Repository you will be able to take advantage of our cutting edge features developed for chinese people.</description>
		<description lang="zh">从googlecode.xbmc-addons-chinese库下载安装Eden版扩展功能模块。[CR][CR]通过使用这个程序库，你将能够分享我们为中文用户开发的扩展功能。</description>
		<disclaimer>Taxigps did not make all the add-ons on this repository and is not responsible for their content</disclaimer>
		<disclaimer lang="zh">本库中扩展功能模块不完全由Taxigps开发，对他人提交的内容不承担责任</disclaimer>
		<platform>all</platform>
	</extension>
</addon>

