<?xml version="1.0" encoding="UTF-8" standalone="yes"?>
<addon id="repository.smoothstreams" name="SmoothStreams.tv" version="0.0.0.1" provider-name="smoothstreams">
	<extension point="xbmc.addon.repository" name="SmoothStreams Addons">
		<info compressed="false">http://smoothstreams.tv/players/xbmc/repo/addons.xml</info>
		<checksum>http://smoothstreams.tv/players/xbmc/repo/addons.xml.md5</checksum>
		<datadir zip="true">http://cdn.smoothstreams.tv/players/xbmc/repo/</datadir>
	</extension>
	<extension point="xbmc.addon.metadata">
		<summary>SmoothStreams Addons</summary>
		<description>This repository contains addons for various wowza servers.</description>
                <disclaimer>The owners and submitters to this repository do not host or distribute any of the content displayed by these addons nor do they have any affiliation with the content providers.</disclaimer>
		<platform>all</platform>
	</extension>
</addon>
