<?xml version="1.0" encoding="UTF-8" standalone="yes"?>
<addon id="repo.bg.plugins" name="Bg Add-ons" version="0" provider-name="kodi.dev.one@gmail.com">
	<extension point="xbmc.addon.repository" name="Bg Add-ons">
		<info compressed="false">https://github.com/kodi1/kodi1.github.io/raw/master/repo/addons.xml</info>
		<checksum>https://github.com/kodi1/kodi1.github.io/raw/master/repo/addons.xml.md5</checksum>
		<datadir zip="true">https://github.com/kodi1/kodi1.github.io/raw/master/repo/</datadir>
	</extension>
	<extension point="xbmc.addon.metadata">
		<summary>Bg Add-on Repository</summary>
		<description>Some plug-ins for KODI</description>
		<disclaimer></disclaimer>
		<platform>all</platform>
	</extension>
</addon>
