<?xml version="1.0" encoding="UTF-8" standalone="yes" ?>
<addon id="repository.huball" name="huball-repo" version="0.0.0.1" provider-name="huball">
	<extension point="xbmc.addon.repository" name="huball-repo">
		<info compressed="false">http://xbmc-huball-repository.googlecode.com/svn/trunk/addons.xml</info>
		<checksum>http://xbmc-huball-repository.googlecode.com/svn/trunk/addons.xml.md5</checksum>
		<datadir zip="false">http://xbmc-huball-repository.googlecode.com/svn/trunk/</datadir>
	</extension>
	<extension point="xbmc.addon.metadata">
		<summary>Repozytorium wtyczek huball.</summary>
		<description>Wszystkie wtyczki powstały w celach edukacyjnych - dla samej frajdy tworzenia i nauki pythona. Nie biorę odpowiedzialności za problemy związane z użytkowaniem tych dodatków. Część z nich nie działa tak jak działać powinna, a druga część może w każdej chwili przestać działać. Some parts of this addons may not be legal in your country of residence - please check with your local laws before installing!</description> 
		<platform>all</platform>
		<license>GNUv3</license>
		<website></website>
	</extension>
</addon>
