<?xml version="1.0" encoding="UTF-8" standalone="yes"?>
<addon id="repository.unofficial.polish" name="Polskie wtyczki" version="0" provider-name="smuto">
    <requires>
        <import addon="xbmc.addon" version="12.0.0"/>
    </requires>
	<extension point="xbmc.addon.repository" name="Polskie wtyczki, tralala">
		<info compressed="true">http://raw.github.com/xbmc-addons-polish/polskie_wtyczki/master/addons.xml</info>
		<checksum>http://raw.github.com/xbmc-addons-polish/polskie_wtyczki/master/addons.xml.md5</checksum>
		<datadir zip="true">http://raw.github.com/xbmc-addons-polish/polskie_wtyczki/master/download</datadir>
        <hashes>false</hashes>
	</extension>
	<extension point="xbmc.addon.metadata">
		<summary>smuto's Addon Repo</summary>
		<description>smuto's XBMC addon repository for bleeding edge and likely buggy :) versions.</description>
		<disclaimer>The owners and submitters to this repository do not host or distribute any of the content displayed by these addons nor do they have any affiliation with the content providers.</disclaimer>
		<platform>all</platform>
	</extension>
</addon>
