<?xml version="1.0" encoding="UTF-8" standalone="yes"?>
<addon id="repository.openeleq"
		name=" [COLOR FF8ABEE2]Open[/COLOR][COLOR FF757677]ELEQ[/COLOR] Add-ons"
		version="0.0.0.1"
		provider-name="[COLOR FF8ABEE2]Open[/COLOR][COLOR FF757677]ELEQ[/COLOR]">
	<extension point="xbmc.addon.repository"
		name="[COLOR FF8ABEE2]Open[/COLOR][COLOR FF757677]ELEQ[/COLOR] Add-on Repository">
		<dir>
			<info>https://archive.org/download/OpenELEQ/openeleq-addons.xml</info>
			<checksum>https://archive.org/download/OpenELEQ/openeleq-addons.xml.md5</checksum>
			<datadir zip="true">https://copy.com/AmYZiKRiNAHwtlqr/Repo/addons</datadir>
		</dir>
		<dir>
			<info>https://archive.org/download/OpenELEQ/openeleq-addons.xml</info>
			<checksum>https://archive.org/download/OpenELEQ/openeleq-addons.xml.md5</checksum>
			<datadir zip="true">https://copy.com/SfSnsfcKtJvrMjZH/Repo/addons</datadir>
		</dir>
		<dir>
			<info>https://archive.org/download/OpenELEQ/openeleq-addons.xml</info>
			<checksum>https://archive.org/download/OpenELEQ/openeleq-addons.xml.md5</checksum>
			<datadir zip="true">https://copy.com/wNiUWDxeCyDy0QsO/Repo/addons</datadir>
		</dir>
		<dir>
			<info>https://archive.org/download/OpenELEQ/openeleq-addons.xml</info>
			<checksum>https://archive.org/download/OpenELEQ/openeleq-addons.xml.md5</checksum>
			<datadir zip="true">https://copy.com/hCMqC8hW1CWcOlcW/Repo/addons</datadir>
		</dir>
		<dir>
			<info>https://archive.org/download/OpenELEQ/openeleq-addons.xml</info>
			<checksum>https://archive.org/download/OpenELEQ/openeleq-addons.xml.md5</checksum>
			<datadir zip="true">https://copy.com/iRzypzUi8IyZ0PWP/Repo/addons</datadir>
		</dir>
	</extension>
	<extension point="xbmc.addon.metadata">
		<summary lang="en">[COLOR FF8ABEE2]Open[/COLOR][COLOR FF757677]ELEQ[/COLOR] Add-on Repository</summary>
		<summary lang="nl">[COLOR FF8ABEE2]Open[/COLOR][COLOR FF757677]ELEQ[/COLOR] Addon Repository</summary>
		<description lang="en">One Repo to rule them all, one Repo to find them, one Repo to bring them all, and in [COLOR FF8ABEE2]Open[/COLOR][COLOR FF757677]ELEQ[/COLOR] bind them.</description>
		<description lang="nl">Eén Depot om allen te regeren, één Depot om hen te vinden, één Depot die hen brengen zal, en in [COLOR FF8ABEE2]Open[/COLOR][COLOR FF757677]ELEQ[/COLOR] binden.</description>
		<disclaimer lang="en">[COLOR FF8ABEE2]Open[/COLOR][COLOR FF757677]ELEQ[/COLOR] did not make all the add-ons in this repository and is in no way responsible for their content.</disclaimer>
		<disclaimer lang="nl">[COLOR FF8ABEE2]Open[/COLOR][COLOR FF757677]ELEQ[/COLOR] heeft niet alle add-ons in dit depot gemaakt en is op geen enkele manier verantwoordelijk voor hun inhoud.</disclaimer>
		<platform>all</platform>
	</extension>
</addon>