<?xml version="1.0" encoding="UTF-8" standalone="yes"?>
<addon id="repository.entertainmentrepo" name="The Entertainment Repository" version="0" provider-name="Mr Entertainment">
	<extension point="xbmc.addon.repository" name="Entertainment Addons Repository">
        <dir>
	      <info compressed="false">https://raw.github.com/MrEntertainment/EntertainmentREPO/master/addons.xml</info>
	      <checksum>https://raw.github.com/MrEntertainment/EntertainmentREPO/master/addons.xml.md5</checksum>
	      <datadir zip="true">https://raw.github.com/MrEntertainment/EntertainmentREPO/master/zips</datadir>
        </dir>
        <info compressed="false">https://raw.github.com/TheYid/My-Repo/master/addons.xml</info>
        <checksum>https://raw.github.com/TheYid/My-Repo/master/addons.xml.md5</checksum>
        <datadir zip="true">https://raw.github.com/TheYid/My-Repo/master/zips</datadir>
	</extension>
	<extension point="xbmc.addon.metadata">
		<summary></summary>
		<description>Download and install addons by Mr Entertainment</description>
		<disclaimer>By using this, you take reponsibility for anything that happens. Some parts of this addon may not be legal in your country - please check with your local laws before installing. I take no responsibility for any problems this plugin might in any way shape or form. This is project is for a LEARNING EXPERIANCE.</disclaimer>
		<platform>all</platform>
	</extension>
</addon>

