<?xml version="1.0" encoding="UTF-8" standalone="yes"?>
<addon id="repository.tvi24.xbmc" name="DeusMaior repositorio" version="0.0.0.1" provider-name="DeusMaior">
	<extension point="xbmc.addon.repository" name="DeusMaior Add-on Repository">
		<info compressed="false">http://pluginxbmctvi24.googlecode.com/svn/trunk/addons.xml</info>
		<checksum>http://pluginxbmctvi24.googlecode.com/svn/trunk/addons.xml.md5</checksum>
		<datadir zip="false">http://pluginxbmctvi24.googlecode.com/svn/trunk/</datadir>
	</extension>
	<extension point="xbmc.addon.metadata">
		<summary>Repositorio DeusMaior</summary>
		<description>Addons do DeusMaior</description>
		<disclaimer></disclaimer>
		<platform>all</platform>
	</extension>
</addon>