﻿<?xml version="1.0" encoding="UTF-8" standalone="yes"?>
<addon id="repository.xbmcnerds.frodo" name="xbmcnerds.com Add-ons (Frodo)" version="0" provider-name="mad-max">
	<extension point="xbmc.addon.repository" name="xbmcnerds.com Add-on Repository (Frodo)">
		<info compressed="true">http://repodl.xbmcnerds.com/repository/frodo/addons.xml</info>
		<checksum>http://repodl.xbmcnerds.com/repository/frodo/addons.xml.md5</checksum>
		<datadir zip="true">http://repodl.xbmcnerds.com/repository/frodo</datadir>
	</extension>
	<extension point="xbmc.addon.metadata">
		<summary>Install add-ons from googlecode.xbmcnerds</summary>
		<summary lang="de">Installiere Add-ons von googlecode.xbmcnerds</summary>
		<description>download and install add-ons from googlecode.repository-xbmcnerds addon-repository.</description>
		<description lang="de">Downloade und installiere Add-ons vom googlecode.repository-xbmcnerds Add-on-Repository.</description>
		<disclaimer>xbmcnerds.com hat die Add-ons nicht selber erstellt und haftet nicht für deren Inhalt.</disclaimer>
		<platform>all</platform>
	</extension>
</addon>

