<addon
	id="repository.mx"
	name="MX repository"
	version="0"
	provider-name="Kiwi Systems">
	<extension point="xbmc.addon.repository"
        name="MX Add-on Repository">
		<info compressed="false">http://thaisatellite.tv/repo/addons.xml</info> 
		<checksum>http://thaisatellite.tv/repo/addons.xml.md5</checksum> 
		<datadir zip="true">http://thaisatellite.tv/repo</datadir>  
	</extension>
	<extension point="xbmc.addon.metadata">
		<summary>MX Repository</summary>
		<description>Home of the MX add-ons on www.TVaddons.ag only.</description>
		<disclaimer>These add-ons can change at anytime so please stay updated. Support at www.tvaddons.ag ONLY</disclaimer>
		<platform>all</platform>
	</extension>
</addon>