<?xml version="1.0" encoding="UTF-8" standalone="yes"?>
<addon id="repository.filmkodi.com" name="Kodi filmkodi.com repository" version="0" provider-name="Mrknow">
	<extension point="xbmc.addon.repository" name="Filmkodi.com Kodi Add-on Repository">
		<info compressed="false">http://filmkodi.com/repository/addons.xml</info>
		<checksum>http://filmkodi.com/repository/addons.xml.md5</checksum>
		<datadir zip="false">http://filmkodi.com/repository/</datadir>
	</extension>
	<extension point="xbmc.addon.metadata">
		<summary lang="en">Install Add-ons  from filmkodi.com</summary>
		<summary lang="pl">Zainstaluj wtyczki z filmkodi.com</summary>
		<description lang="en">Add-ons from filmkodi.com (mrknow.pl) repository.</description>
		<description lang="pl">Wtyczki z nieoficjalnego, repozytorium polskiego mrknow.pl..</description>
		<disclaimer lang="en">Repository has non-comercial nature. Created by enthusiasts, acting in good faith.</disclaimer>
		<disclaimer lang="pl">Zawartość repozytorium ma charakter niekomercyjny, wtyczki tworzone przez pasjonatów, .</disclaimer>
		<platform>all</platform>
	</extension>
</addon>