﻿<?xml version="1.0" encoding="UTF-8" standalone="yes"?>
<addon id="repository.thevibe" name="TheVibe Team Repository" version="0.0.0.1" provider-name="TheVibe Team">
    <extension point="xbmc.addon.repository" name=".TheVibe Repository ">
        <info compressed="false">https://raw.githubusercontent.com/teamThevibe/repository.thevibe/master/Repo/addons.xml</info>
        <checksum>https://raw.githubusercontent.com/teamThevibe/repository.thevibe/master/Repo/addons.xml.md5</checksum>
        <datadir zip="true">https://raw.githubusercontent.com/teamThevibe/repository.thevibe/master/Repo/</datadir>
    </extension>
    <extension point="xbmc.addon.metadata">
        <summary>heVibe Team Repository</summary>
        <description>heVibe Team Repository</description>
        <description>heVibe Team Repository</description>
        <platform>all</platform>
    </extension>
</addon>
