<?xml version="1.0" encoding="UTF-8" standalone="yes"?>
<addon id="repository.sickbeard.xbmc-plugins" name="Sickbeard XBMC Add-on Repository" version="0.0.0.1" provider-name="Zach Moore">
	<extension point="xbmc.addon.repository" name="Sickbeard XBMC Add-on Repository">
		<info compressed="false">http://sickbeard-xbmc.googlecode.com/svn/trunk/addons.xml</info>
		<checksum>http://sickbeard-xbmc.googlecode.com/svn/trunk/addons.xml.md5</checksum>
		<datadir zip="false">http://sickbeard-xbmc.googlecode.com/svn/trunk/</datadir>
	</extension>
	<extension point="xbmc.addon.metadata">
		<summary>Install Add-ons from SickbeardXBMC Add-on Repository</summary>
		<description>Sickbeard XBMC Plugin</description>
		<disclaimer></disclaimer>
		<platform>all</platform>
	</extension>
</addon>
