﻿<?xml version="1.0" encoding="UTF-8" standalone="yes"?>
  <addon id="repository.mq" name="Repo MQ" version="0" provider-name="MarcosQui">
    <extension point="xbmc.addon.repository" name="Repo MQ">
    <info>http://mod-skin.googlecode.com/svn/trunk/addons.xml</info>
    <checksum>http://mod-skin.googlecode.com/svn/trunk/addons.xml.md5</checksum>
    <datadir zip="true">http://mod-skin.googlecode.com/svn/trunk</datadir>
    </extension>
    <extension point="xbmc.addon.metadata">
    <summary lang="en">MQ repo, by MarcosQui.</summary>
    <summary lang="pt">Repo MQ, por MarcosQui.</summary>
		<description lang="en">With this repository you keep the skin Aeon MQ always updated.</description>
		<description lang="pt">Com este repositório você mantém a skin Aeon MQ sempre atualizada.</description>
		<disclaimer lang="en">This repository is a complement by MQ.</disclaimer>
		<disclaimer lang="pt">Este repositório é um complemento by MQ.</disclaimer>
		<platform>all</platform>
    </extension>
  </addon>