<?xml version="1.0" encoding="UTF-8" standalone="yes"?>
<addon id="repository.xxxadultxbmc" name="AdultXBMC.com Add-on Repository" version="0" provider-name="adultxbmc.com">
	<extension point="xbmc.addon.repository" name="AdultXBMC.com Add-on Repository">
		<info compressed="false">https://offshoregit.com/adultxbmc/raw/master/addons.xml</info>
		<checksum>https://offshoregit.com/adultxbmc/raw/master/addons.xml.md5</checksum>
		<datadir zip="true">https://offshoregit.com/adultxbmc/raw/master/</datadir>
	</extension>
	<extension point="xbmc.addon.metadata">
		<summary>Adult Content for Kodi from High Quality Sources Only</summary>
		<description>Collection of Adult Addons for Kodi by Various Developers</description>
		<platform>all</platform>
                <forum>http://www.adultxbmc.com</forum>
                <website>http://www.adultxbmc.com</website>
	</extension>
</addon>

