<?xml version="1.0" encoding="UTF-8" standalone="yes"?>
<addon id="repository.AznKodi" name="AznKodi" version="0" provider-name="AznKodi">
	<extension point="xbmc.addon.repository" name="VietKodi Addon Repository">
		<info compressed="false">https://github.com/AznKodi/repository.AznKodi/raw/master/addons.xml</info>
		<checksum>https://github.com/AznKodi/repository.AznKodi/raw/master/addons.xml.md5</checksum>
		<datadir zip="true">https://github.com/AznKodi/repository.AznKodi/raw/master/zips</datadir>
	</extension>
	<extension point="xbmc.addon.metadata">
		<summary>XBMC-Kodi Repo</summary>
		<description>Repo for XBMC-Kodi</description>
		<platform>all</platform>
	</extension>
</addon>