<?xml version="1.0" encoding="UTF-8" standalone="yes"?>
<addon id="xbmc.repo.elmerohueso" name="elmerohueso's Add-on Repository" version="0" provider-name="elmerohueso">
    <extension point="xbmc.addon.repository" name="elmerohueso's Add-on Repository">
        <info>http://github.com/elmerohueso/xbmc.repo.elmerohueso/raw/master/download/addons.xml</info>
        <checksum>http://github.com/elmerohueso/xbmc.repo.elmerohueso/raw/master/download/addons.xml.md5</checksum>
        <datadir zip="true">https://github.com/elmerohueso/xbmc.repo.elmerohueso/raw/master/download/</datadir>
    </extension>
    <extension point="xbmc.addon.metadata">
        <summary>elmerohueso's Add-on Repository</summary>
        <description>elmerohueso's Add-on Repository</description>
        <platform>all</platform>
    </extension>
</addon>