<?xml version="1.0" encoding="UTF-8" standalone="yes"?>
<addon id="repository.amitkeret.xbmc" name="amitkeret XBMC Add-ons" version="0" provider-name="amitkeret">
  <extension point="xbmc.addon.repository" name="amitkeret XBMC Add-ons">
	  <info compressed="false">https://raw.github.com/amitkeret/repository.amitkeret.xbmc/master/addons.xml</info>
    <checksum>https://raw.github.com/amitkeret/repository.amitkeret.xbmc/master/addons.xml.md5</checksum>
    <datadir zip="true">https://raw.github.com/amitkeret/repository.amitkeret.xbmc/master/zip/</datadir>
  </extension>
  <extension point="xbmc.addon.metadata">
    <summary>Install Add-ons created by Amit Keret</summary>
    <description></description>
    <platform>all</platform>
  </extension>
</addon>

