<?xml version="1.0" encoding="UTF-8" standalone="yes"?>
<addon id="repository.RTPplay.xbmc" name="RTPplay repository" version="0" provider-name="enen92">
	<extension point="xbmc.addon.repository" name="RTPplay Add-on Repository">
		<info compressed="false">http://plugin-video-rtpplay-xbmc.googlecode.com/svn/trunk/addons.xml</info>
		<checksum>http://plugin-video-rtpplay-xbmc.googlecode.com/svn/trunk/addons.xml.md5</checksum>
		<datadir zip="false">http://plugin-video-rtpplay-xbmc.googlecode.com/svn/trunk/</datadir>
	</extension>
	<extension point="xbmc.addon.metadata">
		<summary>Instalar RTPplay repositorio</summary>
		<description>Acesso ao plugin video RTP play</description>
		<disclaimer></disclaimer>
		<platform>all</platform>
	</extension>
</addon>
