<?xml version="1.0" encoding="UTF-8" standalone="yes"?>
	<addon id="repository.MisterX" name="MisterX Repository" version="0.0.0.1" provider-name="MisterX">
		<extension point="xbmc.addon.repository" name="MisterX addon repository">
        	<info compressed="false">https://raw.github.com/MisterXx/MisterX/master/addons.xml</info>

			<info compressed="false">https://raw.github.com/MisterXx/MisterX/master/addons.xml</info>
			<checksum>https://raw.github.com/MisterXx/MisterX/master/addons.xml.md5</checksum>
			<datadir zip="true">https://raw.github.com/MisterXx/MisterX/master/zips</datadir>
		</extension>
		<extension point="xbmc.addon.metadata">
			<summary>MisterX Addon Repository</summary>
			<description>Addons developed by MisterX - Powered by XBMCHUB.COM</description>
			<platform>all</platform>
		</extension>
	</addon>