<?xml version="1.0" encoding="UTF-8" standalone="yes"?>
<addon id="repository.prafit" name="Prafit Repository" version="0.0.0.1" provider-name="Prafit">
	<extension point="xbmc.addon.repository" name="Prafit Repository">
		<info compressed="false">http://github.com/prafit/prafit/raw/master/addons.xml</info>
		<checksum>http://github.com/prafit/prafit/raw/master/addons.xml.md5</checksum>
		<datadir zip="true">http://github.com/prafit/prafit/raw/master/zips</datadir>
	</extension>
	<extension point="xbmc.addon.metadata">
		<summary>Install addons made by prafit</summary>
		<description>Install addons made by prafit(Infowars).......For OFFICIAL !! Support Visit XBMCHUB.COM</description>
		<platform>all</platform>
	</extension>
</addon>

