﻿<?xml version="1.0" encoding="UTF-8" standalone="yes"?>
<addon id="repository.addonBrasil" name="AddonBrasil Repository" version="0" provider-name="AddonBrasil">
	<extension point="xbmc.addon.repository" name="AddonBrasil Repository">
		<info compressed="false">http://raw.github.com/addonBrasil/addonBrasil-kodi/master/addons.xml</info>
		<checksum>http://raw.github.com/addonBrasil/addonBrasil-kodi/master/addons.xml.md5</checksum>
		<datadir zip="true">http://raw.github.com/addonBrasil/addonBrasil-kodi/master/repo/</datadir>
	</extension>
	<extension point="xbmc.addon.metadata">
		<summary>Repositório AddonBrasil</summary>
		<description>Repositório de addons brasileiros AddonBrasil</description>
		<disclaimer></disclaimer>
		<platform>all</platform>
	</extension>
</addon>