<?xml version="1.0" encoding="UTF-8" standalone="yes"?>
<addon id="repository.byalongshot"
       name="ByALongShot's XBMC Addons"
       version="0"
       provider-name="ByALongShot">
  <extension point="xbmc.addon.repository"
             name="ByALongShot's XBMC Addons Repository">
    <info compressed="false">http://andrewovens.com/xbmc/addons/addons.xml</info>
    <checksum>http://andrewovens.com/xbmc/addons/addons.xml.md5</checksum>
    <datadir zip="true">http://andrewovens.com/xbmc/addons/</datadir>
  </extension>
  <extension point="xbmc.addon.metadata">
    <platform>all</platform>
    <summary>Provides XBMC Addons from ByALongShot</summary>
    <description>Provides XBMC Addons from ByALongShot</description>
  </extension>
</addon>

