<?xml version="1.0" encoding="UTF-8"?>
<addon id="repository.rato.tv"
  version="0"
  name="Rato-TV repository"
  provider-name="Rato">
  <extension point="xbmc.addon.repository"
    name="repository with ratotv addons">
    <info compressed="false">http://kodi.ratotv.net/addons.xml</info>
    <checksum> http://kodi.ratotv.net/addons.xml.md5</checksum>
    <datadir zip="true"> http://kodi.ratotv.net/repo/</datadir>
  </extension>
  <extension point="xbmc.addon.metadata">
    <summary>Rato-TV repository</summary>
    <description>
    </description>
    <platform>all</platform>
  </extension>
</addon>
