<?xml version="1.0" encoding="UTF-8" standalone="yes"?>
<addon id="repository.aj-addons" name="aj add-ons (new look)" version="0" provider-name="ajdeveloped">
	<extension point="xbmc.addon.repository" name="AJ ADD-ONs (NEW LOOK)">
		<info compressed="false">http://apple-tv2-xbmc.googlecode.com/svn/trunk/AddonsNewLookRepo/addons.xml</info>
			<checksum>http://apple-tv2-xbmc.googlecode.com/svn/trunk/AddonsNewLookRepo/addons.xml.md5</checksum>
			<datadir zip="true">http://apple-tv2-xbmc.googlecode.com/svn/trunk/AddonsNewLookRepo/</datadir>
	</extension>
	<extension point="xbmc.addon.metadata">
		<summary>Install AJ ADD-ONs with new look and fastest of all.</summary>
		<description>Enjoy access to Indian media sources like desirulez.net, sominaltvtheatre.com and more. All add-ons provide access to website like a normal browser.</description>
		<disclaimer>The video add-ons hosted by my XBMC add-ons repository(aj add-ons) makes no warranties, expressed or implied, and hereby disclaims and negates all other warranties, including without limitation, implied warranties or conditions of merchantability, fitness for a particular purpose, or non-infringement of intellectual property or other violation of rights. Further, video add-ons don't warrant or make any representations concerning the accuracy, likely results, or reliability of the use of the materials on the Internet web site where from data is retrieved or otherwise relating to such materials or on any sites linked to this addon. Videos are streamed directly from video-hosting websites that are having full rights to remove such access to video if required. These add-ons access website contents like a normal web browser and show content to users.</disclaimer>
		<platform>all</platform>
	</extension>
</addon>
