<?xml version="1.0" encoding="UTF-8" standalone="yes"?>
<addon id="repository.xbmcplus.xbmc-plugins" name="xbmcplus Add-on Repository" version="0" provider-name="moneymaker">
	<extension point="xbmc.addon.repository" name="xbmcplus Add-on Repository">
        <info>https://raw.githubusercontent.com/moneymaker365/xbmc-xbmcplus-plugins/master/addons.xml</info>
        <checksum>https://raw.githubusercontent.com/moneymaker365/xbmc-xbmcplus-plugins/master/addons.xml.md5</checksum>
        <datadir zip="true">https://raw.githubusercontent.com/moneymaker365/xbmc-xbmcplus-plugins/master/download/</datadir>
	</extension>
	<extension point="xbmc.addon.metadata">
		<summary>Install Add-ons from xbmcplus Repository</summary>
		<description>Add-ons for Kodi/XBMC</description>
		<disclaimer>by moneymaker</disclaimer>
		<platform>all</platform>
	</extension>
</addon>